year,noc,athletes
1896,AUS,1
1896,AUT,3
1896,DEN,3
1896,FRA,12
1896,GBR,10
1896,GER,19
1896,GRE,102
1896,HUN,7
1896,ITA,1
1896,SUI,3
1896,SWE,1
1896,USA,14
1900,ARG,1
1900,AUS,2
1900,AUT,16
1900,BEL,64
1900,BOH,7
1900,BRA,1
1900,CAN,4
1900,COL,1
1900,CUB,1
1900,DEN,13
1900,ESP,9
1900,FRA,720
1900,GBR,104
1900,GER,76
1900,GRE,3
1900,HAI,3
1900,HUN,18
1900,IND,1
1900,IRI,1
1900,ITA,23
1900,LUX,1
1900,MEX,3
1900,NED,35
1900,NOR,7
1900,NZL,1
1900,PER,1
1900,ROU,1
1900,RUS,4
1900,SUI,18
1900,SWE,10
1900,USA,75
1904,AUS,2
1904,AUT,2
1904,CAN,56
1904,CUB,3
1904,FRA,1
1904,GBR,6
1904,GER,22
1904,GRE,14
1904,HUN,4
1904,ITA,1
1904,NFL,1
1904,NOR,3
1904,RSA,8
1904,SUI,3
1904,USA,524
1906,AUS,4
1906,AUT,31
1906,BEL,16
1906,BOH,13
1906,CAN,3
1906,CRT,8
1906,DEN,49
1906,EGY,2
1906,FIN,4
1906,FRA,56
1906,GBR,48
1906,GER,49
1906,GRE,312
1906,HUN,35
1906,ITA,76
1906,NED,16
1906,NOR,32
1906,SUI,9
1906,SWE,39
1906,TUR,1
1906,USA,38
1908,ANZ,30
1908,ARG,1
1908,AUT,7
1908,BEL,70
1908,BOH,19
1908,CAN,87
1908,DEN,78
1908,FIN,62
1908,FRA,208
1908,GBR,735
1908,GER,82
1908,GRE,20
1908,HUN,65
1908,ISL,1
1908,ITA,66
1908,NED,113
1908,NOR,69
1908,RSA,14
1908,RUS,6
1908,SUI,1
1908,SWE,168
1908,USA,122
1912,ANZ,25
1912,AUT,85
1912,BEL,36
1912,BOH,43
1912,CAN,37
1912,CHI,14
1912,DEN,152
1912,FIN,164
1912,FRA,119
1912,GBR,274
1912,GER,185
1912,GRE,22
1912,HUN,121
1912,ISL,2
1912,ITA,66
1912,JPN,2
1912,LUX,21
1912,NED,33
1912,NOR,190
1912,POL,1
1912,POR,6
1912,RSA,21
1912,RUS,159
1912,SRB,2
1912,SUI,7
1912,SWE,444
1912,TUR,2
1912,UNK,2
1912,USA,174
1920,ARG,1
1920,AUS,13
1920,BEL,336
1920,BRA,19
1920,CAN,52
1920,CHI,2
1920,DEN,154
1920,EGY,18
1920,ESP,58
1920,EST,14
1920,FIN,63
1920,FRA,304
1920,GBR,234
1920,GRE,47
1920,IND,5
1920,ITA,174
1920,JPN,15
1920,LUX,25
1920,MON,4
1920,NED,130
1920,NOR,193
1920,NZL,4
1920,POR,13
1920,RSA,39
1920,SUI,77
1920,SWE,260
1920,TCH,119
1920,USA,288
1920,YUG,15
1924,ARG,77
1924,AUS,37
1924,AUT,53
1924,BEL,190
1924,BRA,12
1924,BUL,24
1924,CAN,77
1924,CHI,13
1924,CUB,9
1924,DEN,89
1924,ECU,3
1924,EGY,24
1924,ESP,95
1924,EST,37
1924,FIN,136
1924,FRA,444
1924,GBR,311
1924,GRE,39
1924,HAI,8
1924,HUN,93
1924,IND,20
1924,IRL,48
1924,ITA,223
1924,JPN,19
1924,LAT,37
1924,LTU,13
1924,LUX,48
1924,MEX,15
1924,MON,7
1924,NED,177
1924,NEP,1
1924,NOR,76
1924,NZL,4
1924,PHI,1
1924,POL,72
1924,POR,28
1924,ROU,35
1924,RSA,30
1924,RUS,3
1924,SUI,170
1924,SWE,190
1924,TCH,160
1924,TUR,22
1924,URU,26
1924,USA,323
1924,YUG,46
1928,ARG,91
1928,AUS,18
1928,AUT,111
1928,BEL,211
1928,BUL,5
1928,CAN,92
1928,CHI,38
1928,CUB,1
1928,DEN,91
1928,EGY,32
1928,ESP,80
1928,EST,22
1928,FIN,87
1928,FRA,293
1928,GBR,264
1928,GER,339
1928,GRE,23
1928,HAI,2
1928,HUN,121
1928,IND,21
1928,IRL,38
1928,ITA,187
1928,JPN,46
1928,LAT,18
1928,LTU,13
1928,LUX,53
1928,MEX,35
1928,MLT,9
1928,MON,10
1928,NED,273
1928,NOR,76
1928,NZL,9
1928,PAN,1
1928,PHI,4
1928,POL,117
1928,POR,32
1928,ROU,31
1928,RSA,24
1928,SUI,173
1928,SWE,124
1928,TCH,94
1928,TUR,31
1928,URU,17
1928,USA,304
1928,YUG,40
1928,ZIM,2
1932,ARG,33
1932,AUS,13
1932,AUT,26
1932,BEL,41
1932,BRA,59
1932,BUL,2
1932,CAN,144
1932,CHN,1
1932,COL,2
1932,CUB,3
1932,DEN,43
1932,ESA,1
1932,ESP,7
1932,EST,2
1932,FIN,47
1932,FRA,111
1932,GBR,111
1932,GER,165
1932,GRE,10
1932,GUA,1
1932,HAI,3
1932,HUN,62
1932,IND,19
1932,IRL,16
1932,ITA,124
1932,JPN,173
1932,LAT,5
1932,LUX,3
1932,MEX,73
1932,MON,1
1932,NED,46
1932,NOR,26
1932,NZL,21
1932,PER,2
1932,PHI,8
1932,POL,66
1932,POR,6
1932,ROU,5
1932,RSA,12
1932,SUI,14
1932,SWE,93
1932,TCH,31
1932,TUR,1
1932,URU,2
1932,USA,538
1932,VEN,1
1932,YUG,1
1936,AFG,15
1936,ARG,51
1936,AUS,33
1936,AUT,292
1936,BEL,176
1936,BER,5
1936,BOL,2
1936,BRA,73
1936,BUL,33
1936,CAN,126
1936,CHI,40
1936,CHN,54
1936,COL,5
1936,CRC,1
1936,DEN,121
1936,EGY,53
1936,ESP,6
1936,EST,38
1936,FIN,127
1936,FRA,229
1936,GBR,245
1936,GER,488
1936,GRE,42
1936,HUN,238
1936,IND,27
1936,ISL,12
1936,ITA,284
1936,JPN,251
1936,LAT,55
1936,LIE,10
1936,LUX,53
1936,MEX,32
1936,MLT,11
1936,MON,8
1936,NED,173
1936,NOR,100
1936,NZL,7
1936,PER,40
1936,PHI,28
1936,POL,164
1936,POR,19
1936,ROU,68
1936,RSA,32
1936,SUI,224
1936,SWE,202
1936,TCH,234
1936,TUR,54
1936,URU,37
1936,USA,414
1936,YUG,110
1948,AFG,25
1948,ARG,208
1948,AUS,75
1948,AUT,201
1948,BEL,163
1948,BER,12
1948,BRA,70
1948,BUL,4
1948,CAN,155
1948,CHI,58
1948,CHN,31
1948,COL,6
1948,CUB,53
1948,DEN,164
1948,EGY,85
1948,ESP,71
1948,FIN,153
1948,FRA,352
1948,GBR,462
1948,GRE,62
1948,GUY,4
1948,HUN,150
1948,IND,79
1948,IRI,36
1948,IRL,73
1948,IRQ,11
1948,ISL,24
1948,ITA,269
1948,JAM,13
1948,KOR,49
1948,LIB,10
1948,LIE,12
1948,LUX,45
1948,MEX,88
1948,MLT,1
1948,MON,4
1948,MYA,4
1948,NED,153
1948,NOR,130
1948,NZL,7
1948,PAK,35
1948,PAN,1
1948,PER,41
1948,PHI,26
1948,POL,67
1948,POR,48
1948,PUR,9
1948,ROU,7
1948,RSA,35
1948,SGP,1
1948,SRI,7
1948,SUI,256
1948,SWE,223
1948,SYR,1
1948,TCH,134
1948,TTO,5
1948,TUR,62
1948,URU,61
1948,USA,369
1948,VEN,1
1948,YUG,107
1952,AHO,11
1952,ARG,135
1952,AUS,90
1952,AUT,150
1952,BAH,7
1952,BEL,144
1952,BER,6
1952,BRA,97
1952,BUL,73
1952,CAN,146
1952,CHI,62
1952,CHN,1
1952,CUB,29
1952,DEN,130
1952,EGY,106
1952,ESP,31
1952,FIN,307
1952,FRA,271
1952,GBR,275
1952,GER,258
1952,GHA,7
1952,GRE,51
1952,GUA,21
1952,GUY,1
1952,HKG,4
1952,HUN,201
1952,INA,3
1952,IND,64
1952,IRI,22
1952,IRL,19
1952,ISL,20
1952,ISR,25
1952,ITA,264
1952,JAM,8
1952,JPN,82
1952,KOR,19
1952,LIB,10
1952,LIE,2
1952,LUX,44
1952,MEX,64
1952,MON,8
1952,MYA,5
1952,NED,115
1952,NGR,9
1952,NOR,173
1952,NZL,17
1952,PAK,38
1952,PAN,1
1952,PHI,25
1952,POL,155
1952,POR,72
1952,PUR,21
1952,ROU,130
1952,RSA,64
1952,SAA,36
1952,SGP,5
1952,SRI,5
1952,SUI,212
1952,SWE,271
1952,TCH,121
1952,THA,8
1952,TTO,2
1952,TUR,51
1952,URS,295
1952,URU,32
1952,USA,352
1952,VEN,38
1952,VNM,8
1952,YUG,93
1956,AFG,12
1956,ARG,35
1956,AUS,306
1956,AUT,94
1956,BAH,4
1956,BEL,61
1956,BER,3
1956,BOL,1
1956,BRA,47
1956,BUL,54
1956,CAM,2
1956,CAN,131
1956,CHI,36
1956,COL,26
1956,CUB,16
1956,DEN,37
1956,EGY,3
1956,ESP,15
1956,ETH,12
1956,FIJ,5
1956,FIN,102
1956,FRA,177
1956,GBR,238
1956,GER,230
1956,GRE,16
1956,GUY,4
1956,HKG,2
1956,HUN,113
1956,INA,22
1956,IND,59
1956,IRI,20
1956,IRL,18
1956,ISL,9
1956,ISR,3
1956,ITA,200
1956,JAM,6
1956,JPN,122
1956,KEN,25
1956,KOR,39
1956,LBR,4
1956,LIB,3
1956,LIE,8
1956,LUX,11
1956,MAL,32
1956,MEX,24
1956,MYA,11
1956,NBO,2
1956,NED,9
1956,NGR,10
1956,NOR,67
1956,NZL,51
1956,PAK,55
1956,PER,8
1956,PHI,39
1956,POL,115
1956,POR,12
1956,PUR,10
1956,ROU,69
1956,RSA,50
1956,SGP,49
1956,SRI,3
1956,SUI,68
1956,SWE,155
1956,TCH,104
1956,THA,35
1956,TPE,20
1956,TTO,6
1956,TUR,23
1956,UGA,3
1956,URS,334
1956,URU,21
1956,USA,371
1956,VEN,22
1956,VNM,6
1956,YUG,52
1960,AFG,12
1960,AHO,5
1960,ARG,98
1960,AUS,219
1960,AUT,129
1960,BAH,13
1960,BEL,101
1960,BER,9
1960,BRA,72
1960,BUL,105
1960,CAN,129
1960,CHI,14
1960,COL,16
1960,CUB,12
1960,DEN,101
1960,ESP,148
1960,ETH,10
1960,FIJ,2
1960,FIN,165
1960,FRA,264
1960,GBR,270
1960,GER,368
1960,GHA,13
1960,GRE,48
1960,GUY,5
1960,HAI,1
1960,HKG,4
1960,HUN,187
1960,INA,22
1960,IND,45
1960,IRI,23
1960,IRL,49
1960,IRQ,21
1960,ISL,13
1960,ISR,23
1960,ITA,308
1960,JPN,203
1960,KEN,27
1960,KOR,42
1960,LBR,4
1960,LIB,21
1960,LIE,8
1960,LUX,52
1960,MAL,9
1960,MAR,47
1960,MEX,69
1960,MLT,10
1960,MON,11
1960,MYA,10
1960,NED,117
1960,NGR,12
1960,NOR,69
1960,NZL,41
1960,PAK,44
1960,PAN,6
1960,PER,31
1960,PHI,40
1960,POL,198
1960,POR,65
1960,PUR,27
1960,RHO,10
1960,ROU,98
1960,RSA,59
1960,SGP,5
1960,SMR,9
1960,SRI,5
1960,SUD,10
1960,SUI,170
1960,SWE,181
1960,TCH,137
1960,THA,20
1960,TPE,27
1960,TUN,42
1960,TUR,51
1960,UAR,74
1960,UGA,10
1960,URS,345
1960,URU,34
1960,USA,371
1960,VEN,36
1960,VNM,3
1960,WIF,13
1960,YUG,116
1960,ZIM,4
1964,AFG,8
1964,AHO,4
1964,ALG,1
1964,ARG,114
1964,AUS,248
1964,AUT,139
1964,BAH,11
1964,BEL,68
1964,BER,4
1964,BOL,1
1964,BRA,61
1964,BUL,70
1964,CAM,13
1964,CAN,170
1964,CGO,2
1964,CHA,2
1964,CHI,19
1964,CIV,9
1964,CMR,1
1964,COL,20
1964,CRC,2
1964,CUB,27
1964,DEN,62
1964,DOM,1
1964,EGY,73
1964,ESP,57
1964,ETH,12
1964,FIN,140
1964,FRA,162
1964,GBR,240
1964,GER,433
1964,GHA,33
1964,GRE,21
1964,GUY,1
1964,HKG,39
1964,HUN,210
1964,IND,54
1964,IRI,66
1964,IRL,25
1964,IRQ,13
1964,ISL,9
1964,ISR,10
1964,ITA,229
1964,JAM,21
1964,JPN,375
1964,KEN,37
1964,KOR,161
1964,LBR,1
1964,LIB,9
1964,LIE,8
1964,LUX,12
1964,MAD,3
1964,MAR,20
1964,MAS,61
1964,MEX,94
1964,MGL,34
1964,MLI,2
1964,MON,1
1964,MYA,11
1964,NED,131
1964,NEP,6
1964,NGR,18
1964,NIG,1
1964,NOR,84
1964,NZL,64
1964,PAK,41
1964,PAN,10
1964,PER,31
1964,PHI,47
1964,POL,191
1964,POR,20
1964,PRK,13
1964,PUR,32
1964,ROU,165
1964,SEN,12
1964,SRI,6
1964,SUI,138
1964,SWE,151
1964,TAN,4
1964,TCH,150
1964,THA,54
1964,TPE,40
1964,TTO,13
1964,TUN,9
1964,TUR,28
1964,UGA,13
1964,URS,386
1964,URU,23
1964,USA,436
1964,VEN,16
1964,VNM,16
1964,YUG,106
1964,ZAM,12
1964,ZIM,29
1968,AFG,5
1968,AHO,5
1968,ALG,3
1968,ARG,94
1968,AUS,131
1968,AUT,119
1968,BAH,16
1968,BAR,9
1968,BEL,82
1968,BER,6
1968,BIZ,7
1968,BOL,4
1968,BRA,76
1968,BUL,118
1968,CAF,1
1968,CAN,208
1968,CHA,3
1968,CHI,25
1968,CIV,10
1968,CMR,5
1968,COD,5
1968,COL,43
1968,CRC,18
1968,CUB,115
1968,DEN,67
1968,DOM,18
1968,ECU,15
1968,EGY,30
1968,ESA,60
1968,ESP,142
1968,ETH,18
1968,FIJ,1
1968,FIN,118
1968,FRA,275
1968,FRG,362
1968,GBR,263
1968,GDR,283
1968,GHA,31
1968,GRE,47
1968,GUA,48
1968,GUI,15
1968,GUY,5
1968,HKG,11
1968,HON,6
1968,HUN,177
1968,INA,6
1968,IND,26
1968,IRI,18
1968,IRL,31
1968,IRQ,3
1968,ISL,12
1968,ISR,29
1968,ISV,6
1968,ITA,214
1968,JAM,25
1968,JPN,232
1968,KEN,39
1968,KOR,62
1968,KUW,2
1968,LBA,1
1968,LIB,14
1968,LIE,11
1968,LUX,5
1968,MAD,4
1968,MAR,30
1968,MAS,31
1968,MEX,275
1968,MGL,23
1968,MLI,2
1968,MLT,1
1968,MON,2
1968,MYA,4
1968,NCA,11
1968,NED,116
1968,NGR,36
1968,NIG,2
1968,NOR,111
1968,NZL,58
1968,PAK,15
1968,PAN,16
1968,PAR,1
1968,PER,28
1968,PHI,49
1968,POL,208
1968,POR,20
1968,PUR,58
1968,ROU,112
1968,SEN,21
1968,SGP,4
1968,SLE,3
1968,SMR,4
1968,SRI,3
1968,SUD,5
1968,SUI,119
1968,SUR,1
1968,SWE,168
1968,SYR,2
1968,TAN,4
1968,TCH,169
1968,THA,41
1968,TPE,43
1968,TTO,19
1968,TUN,7
1968,TUR,40
1968,UGA,11
1968,URS,386
1968,URU,27
1968,USA,453
1968,VEN,23
1968,VNM,9
1968,YUG,99
1968,ZAM,7
1972,AFG,8
1972,AHO,2
1972,ALB,5
1972,ALG,5
1972,ARG,94
1972,AUS,172
1972,AUT,151
1972,BAH,20
1972,BAR,13
1972,BEL,89
1972,BEN,3
1972,BER,9
1972,BIZ,1
1972,BOL,11
1972,BRA,81
1972,BUL,134
1972,BUR,1
1972,CAM,9
1972,CAN,255
1972,CGO,6
1972,CHA,4
1972,CHI,11
1972,CIV,11
1972,CMR,11
1972,COL,59
1972,CRC,3
1972,CUB,137
1972,DEN,126
1972,DOM,5
1972,ECU,2
1972,EGY,23
1972,ESA,11
1972,ESP,126
1972,ETH,31
1972,FIJ,2
1972,FIN,146
1972,FRA,267
1972,FRG,502
1972,GAB,1
1972,GBR,321
1972,GDR,339
1972,GHA,35
1972,GRE,63
1972,GUA,8
1972,GUY,3
1972,HAI,7
1972,HKG,10
1972,HUN,233
1972,INA,6
1972,IND,41
1972,IRI,52
1972,IRL,59
1972,ISL,25
1972,ISR,14
1972,ISV,16
1972,ITA,268
1972,JAM,33
1972,JPN,269
1972,KEN,57
1972,KOR,47
1972,KSA,10
1972,KUW,4
1972,LBR,5
1972,LES,1
1972,LIB,20
1972,LIE,10
1972,LUX,11
1972,MAD,11
1972,MAR,35
1972,MAS,45
1972,MAW,16
1972,MEX,174
1972,MGL,43
1972,MLI,3
1972,MLT,5
1972,MON,5
1972,MYA,18
1972,NCA,8
1972,NED,130
1972,NEP,2
1972,NGR,25
1972,NIG,4
1972,NOR,179
1972,NZL,91
1972,PAK,25
1972,PAN,7
1972,PAR,3
1972,PER,20
1972,PHI,55
1972,POL,337
1972,POR,29
1972,PRK,43
1972,PUR,53
1972,ROU,172
1972,SEN,38
1972,SGP,7
1972,SMR,7
1972,SOM,3
1972,SRI,4
1972,SUD,26
1972,SUI,203
1972,SUR,2
1972,SWE,189
1972,SWZ,2
1972,SYR,5
1972,TAN,15
1972,TCH,222
1972,THA,33
1972,TOG,7
1972,TPE,26
1972,TTO,19
1972,TUN,35
1972,TUR,43
1972,UGA,33
1972,URS,447
1972,URU,13
1972,USA,503
1972,VEN,23
1972,VNM,2
1972,YUG,152
1972,ZAM,11
1976,AHO,4
1976,AND,8
1976,ANT,10
1976,ARG,77
1976,AUS,188
1976,AUT,137
1976,BAH,11
1976,BAR,11
1976,BEL,105
1976,BER,16
1976,BIZ,4
1976,BOL,4
1976,BRA,79
1976,BUL,187
1976,CAN,443
1976,CAY,2
1976,CHI,12
1976,CIV,8
1976,CMR,4
1976,COL,35
1976,CRC,5
1976,CUB,156
1976,DEN,66
1976,DOM,10
1976,ECU,5
1976,EGY,26
1976,ESP,117
1976,FIJ,2
1976,FIN,130
1976,FRA,241
1976,FRG,361
1976,GBR,284
1976,GDR,326
1976,GRE,40
1976,GUA,28
1976,HAI,13
1976,HKG,25
1976,HON,3
1976,HUN,181
1976,INA,7
1976,IND,26
1976,IRI,88
1976,IRL,44
1976,ISL,21
1976,ISR,26
1976,ISV,21
1976,ITA,268
1976,JAM,20
1976,JPN,271
1976,KOR,53
1976,KSA,14
1976,KUW,15
1976,LIB,4
1976,LIE,15
1976,LUX,8
1976,MAR,9
1976,MAS,23
1976,MEX,97
1976,MGL,32
1976,MON,8
1976,NCA,15
1976,NED,115
1976,NEP,1
1976,NOR,107
1976,NZL,85
1976,PAK,24
1976,PAN,8
1976,PAR,4
1976,PER,13
1976,PHI,14
1976,PNG,6
1976,POL,263
1976,POR,19
1976,PRK,38
1976,PUR,80
1976,ROU,189
1976,SEN,21
1976,SGP,4
1976,SMR,12
1976,SUI,109
1976,SUR,3
1976,SWE,155
1976,TCH,221
1976,THA,42
1976,TPE,6
1976,TTO,13
1976,TUN,15
1976,TUR,36
1976,URS,489
1976,URU,9
1976,USA,502
1976,VEN,32
1976,YUG,116
1980,AFG,11
1980,ALG,54
1980,AND,5
1980,ANG,11
1980,ARG,13
1980,AUS,129
1980,AUT,126
1980,BEL,61
1980,BEN,16
1980,BOL,3
1980,BOT,7
1980,BRA,106
1980,BUL,279
1980,CAN,59
1980,CGO,23
1980,CHN,24
1980,CMR,25
1980,COL,23
1980,CRC,30
1980,CUB,208
1980,CYP,17
1980,DEN,58
1980,DOM,6
1980,ECU,12
1980,ESP,163
1980,ETH,41
1980,FIN,157
1980,FRA,143
1980,FRG,80
1980,GBR,267
1980,GDR,399
1980,GRE,44
1980,GUA,10
1980,GUI,9
1980,GUY,8
1980,HUN,265
1980,IND,72
1980,IRL,47
1980,IRQ,43
1980,ISL,15
1980,ITA,205
1980,JAM,18
1980,JOR,4
1980,JPN,50
1980,KOR,10
1980,KUW,56
1980,LAO,19
1980,LBA,29
1980,LES,5
1980,LIB,18
1980,LIE,7
1980,LUX,3
1980,MAD,11
1980,MEX,45
1980,MGL,46
1980,MLI,7
1980,MLT,8
1980,MOZ,14
1980,MYA,2
1980,NCA,5
1980,NED,104
1980,NEP,10
1980,NGR,44
1980,NOR,63
1980,NZL,9
1980,PER,28
1980,POL,336
1980,POR,11
1980,PRK,47
1980,PUR,3
1980,ROU,263
1980,SEN,32
1980,SEY,11
1980,SLE,14
1980,SMR,16
1980,SRI,4
1980,SUI,117
1980,SWE,206
1980,SYR,67
1980,TAN,41
1980,TCH,250
1980,TTO,9
1980,UGA,13
1980,URS,575
1980,USA,101
1980,VEN,37
1980,VIE,30
1980,YUG,179
1980,ZAM,37
1980,ZIM,42
1984,AHO,8
1984,ALG,33
1984,AND,4
1984,ANT,14
1984,ARG,99
1984,AUS,252
1984,AUT,166
1984,BAH,22
1984,BAN,1
1984,BAR,16
1984,BEL,67
1984,BEN,3
1984,BER,12
1984,BHU,6
1984,BIZ,11
1984,BOL,14
1984,BOT,7
1984,BRA,147
1984,BRN,10
1984,BUL,16
1984,CAF,3
1984,CAN,474
1984,CAY,8
1984,CGO,9
1984,CHA,3
1984,CHI,56
1984,CHN,252
1984,CIV,15
1984,CMR,46
1984,COD,8
1984,COL,39
1984,CRC,31
1984,CYP,15
1984,DEN,60
1984,DJI,3
1984,DOM,19
1984,ECU,11
1984,EGY,115
1984,ESA,10
1984,ESP,191
1984,FIJ,14
1984,FIN,131
1984,FRA,270
1984,FRG,474
1984,GAB,4
1984,GAM,10
1984,GBR,387
1984,GDR,56
1984,GEQ,4
1984,GHA,21
1984,GRE,69
1984,GRN,6
1984,GUA,24
1984,GUI,1
1984,GUY,10
1984,HAI,3
1984,HKG,47
1984,HON,10
1984,HUN,9
1984,INA,16
1984,IND,48
1984,IRL,42
1984,IRQ,23
1984,ISL,35
1984,ISR,32
1984,ISV,29
1984,ITA,342
1984,IVB,10
1984,JAM,45
1984,JOR,13
1984,JPN,265
1984,KEN,61
1984,KOR,190
1984,KSA,37
1984,KUW,23
1984,LBR,7
1984,LES,4
1984,LIB,26
1984,LIE,17
1984,LUX,5
1984,MAD,5
1984,MAR,38
1984,MAS,21
1984,MAW,15
1984,MEX,100
1984,MGL,4
1984,MLI,4
1984,MLT,7
1984,MON,9
1984,MOZ,9
1984,MRI,4
1984,MTN,2
1984,MYA,1
1984,NCA,5
1984,NED,149
1984,NEP,10
1984,NGR,32
1984,NIG,4
1984,NOR,161
1984,NZL,136
1984,OMA,16
1984,PAK,31
1984,PAN,8
1984,PAR,14
1984,PER,35
1984,PHI,19
1984,PNG,7
1984,POL,30
1984,POR,38
1984,PRK,6
1984,PUR,52
1984,QAT,24
1984,ROU,143
1984,RWA,3
1984,SAM,8
1984,SEN,25
1984,SEY,9
1984,SGP,5
1984,SLE,7
1984,SMR,22
1984,SOL,3
1984,SOM,7
1984,SRI,4
1984,SUD,7
1984,SUI,171
1984,SUR,5
1984,SWE,233
1984,SWZ,8
1984,SYR,9
1984,TAN,18
1984,TCH,50
1984,TGA,7
1984,THA,35
1984,TOG,6
1984,TPE,50
1984,TTO,16
1984,TUN,23
1984,TUR,53
1984,UAE,7
1984,UGA,26
1984,URS,99
1984,URU,18
1984,USA,628
1984,VEN,26
1984,YAR,2
1984,YUG,211
1984,ZAM,16
1984,ZIM,15
1988,AFG,5
1988,AHO,5
1988,ALG,42
1988,AND,7
1988,ANG,24
1988,ANT,15
1988,ARG,133
1988,ARU,8
1988,ASA,6
1988,AUS,271
1988,AUT,154
1988,BAH,16
1988,BAN,6
1988,BAR,17
1988,BEL,60
1988,BEN,7
1988,BER,12
1988,BHU,3
1988,BIZ,10
1988,BOL,13
1988,BOT,8
1988,BRA,160
1988,BRN,7
1988,BUL,199
1988,BUR,6
1988,CAF,15
1988,CAN,440
1988,CAY,8
1988,CGO,7
1988,CHA,6
1988,CHI,22
1988,CHN,286
1988,CIV,28
1988,CMR,15
1988,COD,15
1988,COK,7
1988,COL,40
1988,CRC,18
1988,CYP,12
1988,DEN,79
1988,DJI,6
1988,DOM,16
1988,ECU,13
1988,EGY,49
1988,ESA,6
1988,ESP,241
1988,FIJ,24
1988,FIN,131
1988,FRA,334
1988,FRG,437
1988,GAB,2
1988,GAM,6
1988,GBR,393
1988,GDR,311
1988,GEQ,6
1988,GHA,16
1988,GRE,62
1988,GRN,6
1988,GUA,34
1988,GUI,6
1988,GUM,20
1988,GUY,8
1988,HAI,4
1988,HKG,48
1988,HON,8
1988,HUN,193
1988,INA,29
1988,IND,49
1988,IRI,23
1988,IRL,61
1988,IRQ,27
1988,ISL,35
1988,ISR,18
1988,ISV,27
1988,ITA,311
1988,IVB,3
1988,JAM,39
1988,JOR,7
1988,JPN,301
1988,KEN,74
1988,KOR,423
1988,KSA,9
1988,KUW,25
1988,LAO,3
1988,LBA,6
1988,LBR,8
1988,LES,6
1988,LIB,25
1988,LIE,25
1988,LUX,9
1988,MAR,30
1988,MAS,9
1988,MAW,16
1988,MDV,7
1988,MEX,94
1988,MGL,31
1988,MLI,6
1988,MLT,6
1988,MON,11
1988,MOZ,8
1988,MRI,8
1988,MTN,6
1988,MYA,2
1988,NED,158
1988,NEP,16
1988,NGR,69
1988,NIG,6
1988,NOR,132
1988,NZL,91
1988,OMA,8
1988,PAK,30
1988,PAN,6
1988,PAR,10
1988,PER,21
1988,PHI,32
1988,PNG,11
1988,POL,175
1988,POR,70
1988,PRK,6
1988,PUR,56
1988,QAT,10
1988,ROU,79
1988,RWA,6
1988,SAM,11
1988,SEN,23
1988,SGP,8
1988,SLE,12
1988,SMR,16
1988,SOL,4
1988,SOM,5
1988,SRI,6
1988,SUD,8
1988,SUI,169
1988,SUR,6
1988,SWE,252
1988,SWZ,11
1988,SYR,13
1988,TAN,10
1988,TCH,222
1988,TGA,5
1988,THA,14
1988,TOG,6
1988,TPE,74
1988,TTO,6
1988,TUN,41
1988,TUR,49
1988,UAE,12
1988,UGA,24
1988,URS,582
1988,URU,15
1988,USA,644
1988,VAN,4
1988,VEN,17
1988,VIE,9
1988,VIN,6
1988,YAR,8
1988,YMD,5
1988,YUG,177
1988,ZAM,29
1988,ZIM,29
1992,AHO,6
1992,ALB,7
1992,ALG,39
1992,AND,13
1992,ANG,28
1992,ANT,13
1992,ARG,104
1992,ARU,5
1992,ASA,3
1992,AUS,301
1992,AUT,160
1992,BAH,14
1992,BAN,6
1992,BAR,17
1992,BEL,73
1992,BEN,6
1992,BER,21
1992,BHU,6
1992,BIH,10
1992,BIZ,10
1992,BOL,18
1992,BOT,6
1992,BRA,189
1992,BRN,10
1992,BUL,168
1992,BUR,4
1992,CAF,15
1992,CAN,403
1992,CAY,10
1992,CGO,7
1992,CHA,6
1992,CHI,17
1992,CHN,276
1992,CIV,13
1992,CMR,8
1992,COD,17
1992,COK,2
1992,COL,49
1992,CRC,20
1992,CRO,43
1992,CUB,176
1992,CYP,21
1992,DEN,116
1992,DJI,8
1992,DOM,32
1992,ECU,13
1992,EGY,75
1992,ESA,4
1992,ESP,439
1992,EST,56
1992,ETH,20
1992,EUN,604
1992,FIJ,18
1992,FIN,150
1992,FRA,448
1992,GAB,5
1992,GAM,5
1992,GBR,420
1992,GEQ,7
1992,GER,574
1992,GHA,34
1992,GRE,78
1992,GRN,4
1992,GUA,14
1992,GUI,8
1992,GUM,22
1992,GUY,6
1992,HAI,7
1992,HKG,38
1992,HON,11
1992,HUN,241
1992,INA,42
1992,IND,54
1992,IOA,58
1992,IRI,36
1992,IRL,61
1992,IRQ,8
1992,ISL,32
1992,ISR,30
1992,ISV,37
1992,ITA,411
1992,IVB,4
1992,JAM,41
1992,JOR,4
1992,JPN,315
1992,KEN,49
1992,KOR,249
1992,KSA,9
1992,KUW,32
1992,LAO,6
1992,LAT,57
1992,LBA,5
1992,LES,6
1992,LIB,16
1992,LIE,14
1992,LTU,53
1992,LUX,7
1992,MAD,13
1992,MAR,56
1992,MAS,26
1992,MAW,4
1992,MDV,7
1992,MEX,122
1992,MGL,37
1992,MLI,5
1992,MLT,6
1992,MON,7
1992,MOZ,6
1992,MRI,13
1992,MTN,6
1992,MYA,4
1992,NAM,6
1992,NCA,8
1992,NED,220
1992,NEP,2
1992,NGR,55
1992,NIG,3
1992,NOR,162
1992,NZL,139
1992,OMA,5
1992,PAK,27
1992,PAN,5
1992,PAR,27
1992,PER,16
1992,PHI,27
1992,PNG,13
1992,POL,254
1992,POR,90
1992,PRK,84
1992,PUR,77
1992,QAT,28
1992,ROU,196
1992,RSA,93
1992,RWA,10
1992,SAM,5
1992,SEN,22
1992,SEY,11
1992,SGP,14
1992,SLE,11
1992,SLO,62
1992,SMR,20
1992,SOL,1
1992,SRI,11
1992,SUD,6
1992,SUI,176
1992,SUR,6
1992,SWE,260
1992,SWZ,7
1992,SYR,8
1992,TAN,9
1992,TCH,282
1992,TGA,5
1992,THA,46
1992,TOG,6
1992,TPE,39
1992,TTO,7
1992,TUN,13
1992,TUR,49
1992,UAE,13
1992,UGA,8
1992,URU,16
1992,USA,693
1992,VAN,6
1992,VEN,26
1992,VIE,7
1992,VIN,6
1992,YEM,8
1992,YUG,25
1992,ZAM,9
1992,ZIM,19
1994,AND,6
1994,ARG,10
1994,ARM,2
1994,ASA,2
1994,AUS,25
1994,AUT,80
1994,BEL,5
1994,BER,1
1994,BIH,10
1994,BLR,33
1994,BRA,1
1994,BUL,17
1994,CAN,95
1994,CHI,3
1994,CHN,24
1994,CRO,3
1994,CYP,1
1994,CZE,63
1994,DEN,4
1994,ESP,13
1994,EST,26
1994,FIJ,1
1994,FIN,61
1994,FRA,98
1994,GBR,32
1994,GEO,5
1994,GER,112
1994,GRE,9
1994,HUN,16
1994,ISL,5
1994,ISR,1
1994,ISV,8
1994,ITA,104
1994,JAM,4
1994,JPN,59
1994,KAZ,29
1994,KGZ,1
1994,KOR,21
1994,LAT,27
1994,LIE,10
1994,LTU,6
1994,LUX,1
1994,MDA,2
1994,MEX,1
1994,MGL,1
1994,MON,5
1994,NED,21
1994,NOR,87
1994,NZL,7
1994,POL,28
1994,POR,1
1994,PUR,5
1994,ROU,23
1994,RSA,2
1994,RUS,113
1994,SEN,1
1994,SLO,22
1994,SMR,3
1994,SUI,59
1994,SVK,42
1994,SWE,84
1994,TPE,2
1994,TTO,2
1994,TUR,1
1994,UKR,37
1994,USA,148
1994,UZB,7
1996,AFG,2
1996,AHO,6
1996,ALB,7
1996,ALG,45
1996,AND,8
1996,ANG,28
1996,ANT,13
1996,ARG,179
1996,ARM,32
1996,ARU,3
1996,ASA,7
1996,AUS,417
1996,AUT,72
1996,AZE,23
1996,BAH,26
1996,BAN,4
1996,BAR,13
1996,BDI,7
1996,BEL,61
1996,BEN,5
1996,BER,9
1996,BHU,2
1996,BIH,9
1996,BIZ,5
1996,BLR,157
1996,BOL,8
1996,BOT,7
1996,BRA,221
1996,BRN,5
1996,BRU,1
1996,BUL,110
1996,BUR,5
1996,CAF,5
1996,CAM,5
1996,CAN,303
1996,CAY,9
1996,CGO,5
1996,CHA,4
1996,CHI,21
1996,CHN,294
1996,CIV,11
1996,CMR,15
1996,COD,14
1996,COK,3
1996,COL,48
1996,COM,4
1996,CPV,3
1996,CRC,11
1996,CRO,84
1996,CUB,164
1996,CYP,17
1996,CZE,115
1996,DEN,119
1996,DJI,5
1996,DMA,6
1996,DOM,16
1996,ECU,19
1996,EGY,29
1996,ESA,8
1996,ESP,289
1996,EST,43
1996,ETH,18
1996,FIJ,17
1996,FIN,76
1996,FRA,299
1996,GAB,7
1996,GAM,9
1996,GBR,300
1996,GBS,3
1996,GEO,34
1996,GEQ,5
1996,GER,466
1996,GHA,35
1996,GRE,121
1996,GRN,5
1996,GUA,26
1996,GUI,5
1996,GUM,8
1996,GUY,7
1996,HAI,7
1996,HKG,23
1996,HON,7
1996,HUN,213
1996,INA,40
1996,IND,49
1996,IRI,18
1996,IRL,78
1996,IRQ,3
1996,ISL,9
1996,ISR,25
1996,ISV,12
1996,ITA,340
1996,IVB,7
1996,JAM,46
1996,JOR,5
1996,JPN,306
1996,KAZ,96
1996,KEN,52
1996,KGZ,33
1996,KOR,303
1996,KSA,29
1996,KUW,25
1996,LAO,5
1996,LAT,47
1996,LBA,5
1996,LBR,5
1996,LCA,6
1996,LES,9
1996,LIB,1
1996,LIE,2
1996,LTU,61
1996,LUX,6
1996,MAD,11
1996,MAR,34
1996,MAS,35
1996,MAW,2
1996,MDA,40
1996,MDV,6
1996,MEX,98
1996,MGL,16
1996,MKD,11
1996,MLI,3
1996,MLT,7
1996,MON,3
1996,MOZ,3
1996,MRI,26
1996,MTN,4
1996,MYA,3
1996,NAM,8
1996,NCA,26
1996,NED,239
1996,NEP,6
1996,NGR,65
1996,NIG,3
1996,NOR,97
1996,NRU,3
1996,NZL,95
1996,OMA,4
1996,PAK,24
1996,PAN,7
1996,PAR,7
1996,PER,29
1996,PHI,12
1996,PLE,1
1996,PNG,11
1996,POL,165
1996,POR,107
1996,PRK,24
1996,PUR,69
1996,QAT,12
1996,ROU,165
1996,RSA,84
1996,RUS,390
1996,RWA,4
1996,SAM,5
1996,SCG,68
1996,SEN,11
1996,SEY,9
1996,SGP,14
1996,SKN,10
1996,SLE,14
1996,SLO,37
1996,SMR,7
1996,SOL,4
1996,SOM,4
1996,SRI,9
1996,STP,2
1996,SUD,4
1996,SUI,115
1996,SUR,7
1996,SVK,71
1996,SWE,177
1996,SWZ,6
1996,SYR,7
1996,TAN,7
1996,TGA,5
1996,THA,37
1996,TJK,8
1996,TKM,7
1996,TOG,5
1996,TPE,74
1996,TTO,12
1996,TUN,51
1996,TUR,53
1996,UAE,4
1996,UGA,10
1996,UKR,231
1996,URU,14
1996,USA,648
1996,UZB,71
1996,VAN,4
1996,VEN,39
1996,VIE,6
1996,VIN,8
1996,YEM,4
1996,ZAM,8
1996,ZIM,13
1998,AND,3
1998,ARG,2
1998,ARM,7
1998,AUS,23
1998,AUT,96
1998,AZE,4
1998,BEL,1
1998,BER,1
1998,BIH,8
1998,BLR,59
1998,BRA,1
1998,BUL,19
1998,CAN,144
1998,CHI,3
1998,CHN,57
1998,CRO,6
1998,CYP,1
1998,CZE,61
1998,DEN,12
1998,ESP,12
1998,EST,20
1998,FIN,85
1998,FRA,106
1998,GBR,34
1998,GEO,4
1998,GER,125
1998,GRE,13
1998,HUN,17
1998,IND,1
1998,IRI,1
1998,IRL,6
1998,ISL,7
1998,ISR,3
1998,ISV,7
1998,ITA,113
1998,JAM,6
1998,JPN,156
1998,KAZ,60
1998,KEN,1
1998,KGZ,1
1998,KOR,37
1998,LAT,29
1998,LIE,8
1998,LTU,7
1998,LUX,1
1998,MDA,2
1998,MGL,3
1998,MKD,3
1998,MON,4
1998,NED,22
1998,NOR,75
1998,NZL,8
1998,POL,39
1998,POR,2
1998,PRK,8
1998,PUR,6
1998,ROU,16
1998,RSA,2
1998,RUS,122
1998,SCG,2
1998,SLO,34
1998,SUI,69
1998,SVK,37
1998,SWE,99
1998,TPE,7
1998,TTO,2
1998,TUR,1
1998,UKR,56
1998,URU,1
1998,USA,186
1998,UZB,4
1998,VEN,1
2000,AHO,7
2000,ALB,4
2000,ALG,47
2000,AND,5
2000,ANG,30
2000,ANT,3
2000,ARG,143
2000,ARM,25
2000,ARU,5
2000,ASA,4
2000,AUS,617
2000,AUT,92
2000,AZE,31
2000,BAH,25
2000,BAN,5
2000,BAR,18
2000,BDI,6
2000,BEL,68
2000,BEN,4
2000,BER,6
2000,BHU,2
2000,BIH,9
2000,BIZ,2
2000,BLR,139
2000,BOL,5
2000,BOT,7
2000,BRA,198
2000,BRN,4
2000,BRU,2
2000,BUL,91
2000,BUR,4
2000,CAF,3
2000,CAM,4
2000,CAN,294
2000,CAY,3
2000,CGO,5
2000,CHA,2
2000,CHI,50
2000,CHN,271
2000,CIV,14
2000,CMR,34
2000,COD,2
2000,COK,2
2000,COL,44
2000,COM,2
2000,CPV,2
2000,CRC,7
2000,CRO,88
2000,CUB,229
2000,CYP,22
2000,CZE,119
2000,DEN,97
2000,DJI,2
2000,DMA,4
2000,DOM,13
2000,ECU,10
2000,EGY,89
2000,ERI,3
2000,ESA,8
2000,ESP,321
2000,EST,33
2000,ETH,26
2000,FIJ,7
2000,FIN,70
2000,FRA,336
2000,FSM,5
2000,GAB,5
2000,GAM,2
2000,GBR,310
2000,GBS,3
2000,GEO,36
2000,GEQ,4
2000,GER,422
2000,GHA,22
2000,GRE,140
2000,GRN,3
2000,GUA,15
2000,GUI,6
2000,GUM,7
2000,GUY,4
2000,HAI,5
2000,HKG,31
2000,HON,20
2000,HUN,178
2000,INA,47
2000,IND,65
2000,IOA,4
2000,IRI,33
2000,IRL,64
2000,IRQ,4
2000,ISL,18
2000,ISR,39
2000,ISV,9
2000,ITA,361
2000,IVB,1
2000,JAM,48
2000,JOR,8
2000,JPN,266
2000,KAZ,130
2000,KEN,56
2000,KGZ,48
2000,KOR,281
2000,KSA,18
2000,KUW,29
2000,LAO,3
2000,LAT,45
2000,LBA,3
2000,LBR,8
2000,LCA,5
2000,LES,6
2000,LIB,6
2000,LIE,2
2000,LTU,61
2000,LUX,7
2000,MAD,11
2000,MAR,55
2000,MAS,40
2000,MAW,2
2000,MDA,34
2000,MDV,4
2000,MEX,78
2000,MGL,20
2000,MKD,10
2000,MLI,5
2000,MLT,7
2000,MON,4
2000,MOZ,4
2000,MRI,20
2000,MTN,2
2000,MYA,7
2000,NAM,11
2000,NCA,6
2000,NED,231
2000,NEP,5
2000,NGR,83
2000,NIG,4
2000,NOR,93
2000,NRU,2
2000,NZL,147
2000,OMA,6
2000,PAK,27
2000,PAN,6
2000,PAR,5
2000,PER,21
2000,PHI,20
2000,PLE,2
2000,PLW,5
2000,PNG,5
2000,POL,187
2000,POR,61
2000,PRK,31
2000,PUR,29
2000,QAT,17
2000,ROU,145
2000,RSA,127
2000,RUS,435
2000,RWA,5
2000,SAM,5
2000,SCG,109
2000,SEN,26
2000,SEY,9
2000,SGP,14
2000,SKN,2
2000,SLE,3
2000,SLO,74
2000,SMR,4
2000,SOL,2
2000,SOM,2
2000,SRI,18
2000,STP,2
2000,SUD,3
2000,SUI,102
2000,SUR,4
2000,SVK,108
2000,SWE,150
2000,SWZ,6
2000,SYR,8
2000,TAN,4
2000,TGA,3
2000,THA,52
2000,TJK,4
2000,TKM,8
2000,TOG,3
2000,TPE,55
2000,TTO,19
2000,TUN,47
2000,TUR,57
2000,UAE,4
2000,UGA,13
2000,UKR,230
2000,URU,15
2000,USA,586
2000,UZB,70
2000,VAN,3
2000,VEN,50
2000,VIE,7
2000,VIN,4
2000,YEM,2
2000,ZAM,8
2000,ZIM,16
2002,AND,3
2002,ARG,11
2002,ARM,9
2002,AUS,25
2002,AUT,90
2002,AZE,4
2002,BEL,6
2002,BER,1
2002,BIH,2
2002,BLR,64
2002,BRA,10
2002,BUL,23
2002,CAN,150
2002,CHI,6
2002,CHN,66
2002,CMR,1
2002,CRC,1
2002,CRO,13
2002,CYP,1
2002,CZE,76
2002,DEN,11
2002,ESP,7
2002,EST,17
2002,FIJ,1
2002,FIN,98
2002,FRA,114
2002,GBR,49
2002,GEO,4
2002,GER,157
2002,GRE,10
2002,HKG,2
2002,HUN,25
2002,IND,1
2002,IRI,2
2002,IRL,6
2002,ISL,6
2002,ISR,5
2002,ISV,8
2002,ITA,109
2002,JAM,2
2002,JPN,103
2002,KAZ,50
2002,KEN,1
2002,KGZ,2
2002,KOR,46
2002,LAT,47
2002,LIB,2
2002,LIE,8
2002,LTU,8
2002,MDA,5
2002,MEX,3
2002,MGL,4
2002,MKD,2
2002,MON,5
2002,NED,27
2002,NEP,1
2002,NOR,77
2002,NZL,10
2002,POL,27
2002,ROU,21
2002,RSA,1
2002,RUS,151
2002,SCG,6
2002,SLO,40
2002,SMR,1
2002,SUI,110
2002,SVK,49
2002,SWE,102
2002,THA,1
2002,TJK,1
2002,TPE,6
2002,TTO,3
2002,TUR,3
2002,UKR,68
2002,USA,202
2002,UZB,6
2002,VEN,4
2004,AFG,5
2004,AHO,3
2004,ALB,7
2004,ALG,61
2004,AND,6
2004,ANG,30
2004,ANT,5
2004,ARG,152
2004,ARM,18
2004,ARU,4
2004,ASA,3
2004,AUS,470
2004,AUT,74
2004,AZE,36
2004,BAH,22
2004,BAN,4
2004,BAR,10
2004,BDI,7
2004,BEL,50
2004,BEN,4
2004,BER,10
2004,BHU,2
2004,BIH,9
2004,BIZ,2
2004,BLR,151
2004,BOL,7
2004,BOT,11
2004,BRA,243
2004,BRN,10
2004,BRU,1
2004,BUL,95
2004,BUR,5
2004,CAF,4
2004,CAM,4
2004,CAN,262
2004,CAY,5
2004,CGO,5
2004,CHA,1
2004,CHI,22
2004,CHN,383
2004,CIV,5
2004,CMR,17
2004,COD,4
2004,COK,3
2004,COL,53
2004,COM,3
2004,CPV,3
2004,CRC,20
2004,CRO,81
2004,CUB,151
2004,CYP,20
2004,CZE,142
2004,DEN,92
2004,DMA,2
2004,DOM,33
2004,ECU,16
2004,EGY,97
2004,ERI,4
2004,ESA,7
2004,ESP,316
2004,EST,42
2004,ETH,26
2004,FIJ,8
2004,FIN,53
2004,FRA,308
2004,FSM,5
2004,GAB,5
2004,GAM,2
2004,GBR,264
2004,GBS,3
2004,GEO,32
2004,GEQ,2
2004,GER,441
2004,GHA,26
2004,GRE,426
2004,GRN,5
2004,GUA,18
2004,GUI,3
2004,GUM,4
2004,GUY,4
2004,HAI,8
2004,HKG,32
2004,HON,5
2004,HUN,209
2004,INA,38
2004,IND,73
2004,IRI,37
2004,IRL,46
2004,IRQ,24
2004,ISL,26
2004,ISR,36
2004,ISV,6
2004,ITA,364
2004,IVB,1
2004,JAM,47
2004,JOR,8
2004,JPN,306
2004,KAZ,114
2004,KEN,46
2004,KGZ,29
2004,KIR,3
2004,KOR,264
2004,KSA,16
2004,KUW,11
2004,LAO,5
2004,LAT,32
2004,LBA,8
2004,LBR,2
2004,LCA,2
2004,LES,3
2004,LIB,5
2004,LIE,1
2004,LTU,59
2004,LUX,10
2004,MAD,8
2004,MAR,55
2004,MAS,26
2004,MAW,4
2004,MDA,33
2004,MDV,4
2004,MEX,109
2004,MGL,20
2004,MKD,10
2004,MLI,21
2004,MLT,7
2004,MON,3
2004,MOZ,4
2004,MRI,9
2004,MTN,2
2004,MYA,2
2004,NAM,8
2004,NCA,5
2004,NED,210
2004,NEP,6
2004,NGR,70
2004,NIG,4
2004,NOR,52
2004,NRU,3
2004,NZL,148
2004,OMA,2
2004,PAK,26
2004,PAN,4
2004,PAR,22
2004,PER,12
2004,PHI,16
2004,PLE,3
2004,PLW,4
2004,PNG,4
2004,POL,194
2004,POR,81
2004,PRK,36
2004,PUR,43
2004,QAT,15
2004,ROU,108
2004,RSA,106
2004,RUS,446
2004,RWA,5
2004,SAM,3
2004,SCG,85
2004,SEN,15
2004,SEY,9
2004,SGP,16
2004,SKN,2
2004,SLE,2
2004,SLO,79
2004,SMR,5
2004,SOL,2
2004,SOM,2
2004,SRI,7
2004,STP,2
2004,SUD,4
2004,SUI,98
2004,SUR,4
2004,SVK,64
2004,SWE,115
2004,SWZ,3
2004,SYR,6
2004,TAN,8
2004,TGA,5
2004,THA,42
2004,TJK,9
2004,TKM,9
2004,TLS,2
2004,TOG,3
2004,TPE,88
2004,TTO,19
2004,TUN,54
2004,TUR,64
2004,UAE,4
2004,UGA,11
2004,UKR,239
2004,URU,15
2004,USA,533
2004,UZB,69
2004,VAN,2
2004,VEN,48
2004,VIE,11
2004,VIN,3
2004,YEM,3
2004,ZAM,6
2004,ZIM,12
2006,ALB,1
2006,ALG,2
2006,AND,3
2006,ARG,9
2006,ARM,5
2006,AUS,40
2006,AUT,73
2006,AZE,2
2006,BEL,4
2006,BER,1
2006,BIH,6
2006,BLR,28
2006,BRA,9
2006,BUL,21
2006,CAN,191
2006,CHI,9
2006,CHN,73
2006,CRC,1
2006,CRO,23
2006,CYP,1
2006,CZE,83
2006,DEN,4
2006,ESP,16
2006,EST,26
2006,ETH,1
2006,FIN,90
2006,FRA,82
2006,GBR,39
2006,GEO,3
2006,GER,155
2006,GRE,5
2006,HKG,1
2006,HUN,19
2006,IND,4
2006,IRI,2
2006,IRL,4
2006,ISL,5
2006,ISR,5
2006,ITA,179
2006,JPN,110
2006,KAZ,55
2006,KEN,1
2006,KGZ,1
2006,KOR,40
2006,LAT,57
2006,LIB,3
2006,LIE,5
2006,LTU,7
2006,LUX,1
2006,MAD,1
2006,MDA,6
2006,MGL,2
2006,MKD,3
2006,MON,4
2006,NED,33
2006,NEP,1
2006,NOR,67
2006,NZL,15
2006,POL,45
2006,POR,1
2006,PRK,6
2006,ROU,25
2006,RSA,3
2006,RUS,174
2006,SCG,6
2006,SEN,1
2006,SLO,36
2006,SMR,1
2006,SUI,125
2006,SVK,58
2006,SWE,106
2006,THA,1
2006,TJK,1
2006,TPE,1
2006,TUR,6
2006,UKR,52
2006,USA,204
2006,UZB,4
2006,VEN,1
2008,AFG,4
2008,AHO,3
2008,ALB,11
2008,ALG,56
2008,AND,5
2008,ANG,32
2008,ANT,5
2008,ARG,132
2008,ARM,25
2008,ARU,2
2008,ASA,4
2008,AUS,432
2008,AUT,70
2008,AZE,44
2008,BAH,25
2008,BAN,5
2008,BAR,8
2008,BDI,3
2008,BEL,94
2008,BEN,5
2008,BER,6
2008,BHU,2
2008,BIH,5
2008,BIZ,4
2008,BLR,177
2008,BOL,7
2008,BOT,11
2008,BRA,268
2008,BRN,14
2008,BUL,70
2008,BUR,6
2008,CAF,3
2008,CAM,4
2008,CAN,332
2008,CAY,4
2008,CGO,5
2008,CHA,2
2008,CHI,26
2008,CHN,599
2008,CIV,21
2008,CMR,32
2008,COD,5
2008,COK,4
2008,COL,67
2008,COM,3
2008,CPV,2
2008,CRC,8
2008,CRO,99
2008,CUB,158
2008,CYP,17
2008,CZE,134
2008,DEN,84
2008,DJI,2
2008,DMA,2
2008,DOM,24
2008,ECU,25
2008,EGY,100
2008,ERI,10
2008,ESA,11
2008,ESP,283
2008,EST,47
2008,ETH,27
2008,FIJ,6
2008,FIN,57
2008,FRA,309
2008,FSM,5
2008,GAB,4
2008,GAM,3
2008,GBR,304
2008,GBS,3
2008,GEO,35
2008,GEQ,3
2008,GER,420
2008,GHA,9
2008,GRE,152
2008,GRN,9
2008,GUA,12
2008,GUI,5
2008,GUM,6
2008,GUY,4
2008,HAI,7
2008,HKG,34
2008,HON,25
2008,HUN,171
2008,INA,24
2008,IND,53
2008,IRI,54
2008,IRL,55
2008,IRQ,4
2008,ISL,27
2008,ISR,43
2008,ISV,7
2008,ITA,333
2008,IVB,2
2008,JAM,50
2008,JOR,7
2008,JPN,332
2008,KAZ,130
2008,KEN,46
2008,KGZ,20
2008,KIR,2
2008,KOR,265
2008,KSA,14
2008,KUW,8
2008,LAO,4
2008,LAT,47
2008,LBA,6
2008,LBR,3
2008,LCA,4
2008,LES,5
2008,LIB,6
2008,LIE,2
2008,LTU,71
2008,LUX,13
2008,MAD,6
2008,MAR,47
2008,MAS,32
2008,MAW,4
2008,MDA,29
2008,MDV,4
2008,MEX,83
2008,MGL,28
2008,MHL,5
2008,MKD,7
2008,MLI,17
2008,MLT,6
2008,MNE,19
2008,MON,5
2008,MOZ,4
2008,MRI,11
2008,MTN,2
2008,MYA,6
2008,NAM,10
2008,NCA,6
2008,NED,237
2008,NEP,8
2008,NGR,74
2008,NIG,4
2008,NOR,84
2008,NRU,1
2008,NZL,178
2008,OMA,4
2008,PAK,21
2008,PAN,5
2008,PAR,7
2008,PER,13
2008,PHI,15
2008,PLE,4
2008,PLW,5
2008,PNG,7
2008,POL,257
2008,POR,77
2008,PRK,58
2008,PUR,22
2008,QAT,20
2008,ROU,101
2008,RSA,134
2008,RUS,454
2008,RWA,4
2008,SAM,6
2008,SEN,15
2008,SEY,9
2008,SGP,25
2008,SKN,4
2008,SLE,3
2008,SLO,61
2008,SMR,4
2008,SOL,3
2008,SOM,2
2008,SRB,87
2008,SRI,8
2008,STP,3
2008,SUD,9
2008,SUI,83
2008,SUR,4
2008,SVK,57
2008,SWE,123
2008,SWZ,4
2008,SYR,7
2008,TAN,9
2008,TGA,3
2008,THA,47
2008,TJK,15
2008,TKM,10
2008,TLS,1
2008,TOG,4
2008,TPE,79
2008,TTO,28
2008,TUN,26
2008,TUR,67
2008,TUV,3
2008,UAE,8
2008,UGA,11
2008,UKR,243
2008,URU,12
2008,USA,588
2008,UZB,56
2008,VAN,3
2008,VEN,108
2008,VIE,13
2008,VIN,2
2008,YEM,5
2008,ZAM,8
2008,ZIM,13
2010,ALB,1
2010,ALG,1
2010,AND,6
2010,ARG,7
2010,ARM,4
2010,AUS,40
2010,AUT,75
2010,AZE,2
2010,BEL,8
2010,BER,1
2010,BIH,5
2010,BLR,47
2010,BRA,5
2010,BUL,19
2010,CAN,201
2010,CAY,1
2010,CHI,3
2010,CHN,86
2010,COL,1
2010,CRO,19
2010,CYP,2
2010,CZE,90
2010,DEN,17
2010,ESP,18
2010,EST,30
2010,ETH,1
2010,FIN,91
2010,FRA,104
2010,GBR,52
2010,GEO,6
2010,GER,149
2010,GHA,1
2010,GRE,7
2010,HKG,1
2010,HUN,15
2010,IND,3
2010,IRI,4
2010,IRL,6
2010,ISL,4
2010,ISR,3
2010,ITA,109
2010,JAM,1
2010,JPN,91
2010,KAZ,37
2010,KGZ,2
2010,KOR,45
2010,LAT,53
2010,LIB,3
2010,LIE,4
2010,LTU,6
2010,MAR,1
2010,MDA,7
2010,MEX,1
2010,MGL,2
2010,MKD,3
2010,MNE,1
2010,MON,3
2010,NED,32
2010,NEP,1
2010,NOR,95
2010,NZL,16
2010,PAK,1
2010,PER,3
2010,POL,46
2010,POR,1
2010,PRK,2
2010,ROU,28
2010,RSA,2
2010,RUS,175
2010,SEN,1
2010,SLO,47
2010,SMR,1
2010,SRB,10
2010,SUI,134
2010,SVK,68
2010,SWE,101
2010,TJK,1
2010,TPE,1
2010,TUR,5
2010,UKR,45
2010,USA,212
2010,UZB,3
2012,AFG,6
2012,ALB,9
2012,ALG,38
2012,AND,6
2012,ANG,33
2012,ANT,4
2012,ARG,137
2012,ARM,24
2012,ARU,4
2012,ASA,4
2012,AUS,405
2012,AUT,70
2012,AZE,52
2012,BAH,21
2012,BAN,5
2012,BAR,6
2012,BDI,6
2012,BEL,111
2012,BEN,5
2012,BER,8
2012,BHU,2
2012,BIH,6
2012,BIZ,3
2012,BLR,160
2012,BOL,5
2012,BOT,4
2012,BRA,248
2012,BRN,12
2012,BRU,3
2012,BUL,63
2012,BUR,5
2012,CAF,6
2012,CAM,6
2012,CAN,273
2012,CAY,4
2012,CGO,7
2012,CHA,2
2012,CHI,35
2012,CHN,375
2012,CIV,9
2012,CMR,32
2012,COD,4
2012,COK,8
2012,COL,101
2012,COM,3
2012,CPV,3
2012,CRC,11
2012,CRO,107
2012,CUB,109
2012,CYP,13
2012,CZE,133
2012,DEN,114
2012,DJI,4
2012,DMA,2
2012,DOM,33
2012,ECU,36
2012,EGY,109
2012,ERI,12
2012,ESA,10
2012,ESP,278
2012,EST,32
2012,ETH,33
2012,FIJ,9
2012,FIN,56
2012,FRA,324
2012,FSM,6
2012,GAB,21
2012,GAM,2
2012,GBR,530
2012,GBS,4
2012,GEO,34
2012,GEQ,2
2012,GER,383
2012,GHA,7
2012,GRE,102
2012,GRN,8
2012,GUA,19
2012,GUI,4
2012,GUM,8
2012,GUY,6
2012,HAI,5
2012,HKG,41
2012,HON,25
2012,HUN,152
2012,INA,22
2012,IND,81
2012,IOA,4
2012,IRI,52
2012,IRL,64
2012,IRQ,8
2012,ISL,27
2012,ISR,37
2012,ISV,7
2012,ITA,281
2012,IVB,2
2012,JAM,45
2012,JOR,9
2012,JPN,291
2012,KAZ,113
2012,KEN,47
2012,KGZ,14
2012,KIR,3
2012,KOR,250
2012,KSA,18
2012,KUW,10
2012,LAO,3
2012,LAT,45
2012,LBA,4
2012,LBR,3
2012,LCA,4
2012,LES,4
2012,LIB,10
2012,LIE,3
2012,LTU,62
2012,LUX,9
2012,MAD,7
2012,MAR,63
2012,MAS,29
2012,MAW,3
2012,MDA,20
2012,MDV,5
2012,MEX,99
2012,MGL,29
2012,MHL,4
2012,MKD,4
2012,MLI,6
2012,MLT,5
2012,MNE,33
2012,MON,6
2012,MOZ,6
2012,MRI,11
2012,MTN,2
2012,MYA,6
2012,NAM,9
2012,NCA,6
2012,NED,173
2012,NEP,5
2012,NGR,49
2012,NIG,6
2012,NOR,61
2012,NRU,2
2012,NZL,178
2012,OMA,3
2012,PAK,21
2012,PAN,8
2012,PAR,8
2012,PER,16
2012,PHI,11
2012,PLE,5
2012,PLW,5
2012,PNG,8
2012,POL,210
2012,POR,76
2012,PRK,52
2012,PUR,25
2012,QAT,12
2012,ROU,105
2012,RSA,124
2012,RUS,429
2012,RWA,7
2012,SAM,8
2012,SEN,31
2012,SEY,6
2012,SGP,23
2012,SKN,4
2012,SLE,2
2012,SLO,65
2012,SMR,4
2012,SOL,4
2012,SOM,2
2012,SRB,116
2012,SRI,7
2012,STP,2
2012,SUD,6
2012,SUI,98
2012,SUR,5
2012,SVK,47
2012,SWE,133
2012,SWZ,3
2012,SYR,10
2012,TAN,6
2012,TGA,3
2012,THA,37
2012,TJK,16
2012,TKM,10
2012,TLS,2
2012,TOG,6
2012,TPE,44
2012,TTO,25
2012,TUN,83
2012,TUR,112
2012,TUV,3
2012,UAE,26
2012,UGA,15
2012,UKR,230
2012,URU,27
2012,USA,530
2012,UZB,53
2012,VAN,5
2012,VEN,68
2012,VIE,18
2012,VIN,3
2012,YEM,4
2012,ZAM,7
2012,ZIM,7
2014,ALB,1
2014,AND,6
2014,ARG,7
2014,ARM,4
2014,AUS,60
2014,AUT,126
2014,AZE,3
2014,BEL,7
2014,BER,1
2014,BIH,5
2014,BLR,26
2014,BRA,13
2014,BUL,18
2014,CAN,217
2014,CAY,1
2014,CHI,6
2014,CHN,62
2014,CRO,11
2014,CYP,1
2014,CZE,87
2014,DEN,10
2014,DMA,1
2014,ESP,20
2014,EST,25
2014,FIN,99
2014,FRA,107
2014,GBR,53
2014,GEO,4
2014,GER,151
2014,GRE,7
2014,HKG,1
2014,HUN,16
2014,IND,2
2014,IOA,1
2014,IRI,5
2014,IRL,5
2014,ISL,5
2014,ISR,4
2014,ISV,1
2014,ITA,110
2014,IVB,1
2014,JAM,2
2014,JPN,109
2014,KAZ,50
2014,KGZ,1
2014,KOR,71
2014,LAT,56
2014,LIB,2
2014,LIE,3
2014,LTU,9
2014,LUX,1
2014,MAR,2
2014,MDA,4
2014,MEX,1
2014,MGL,2
2014,MKD,3
2014,MLT,1
2014,MNE,2
2014,MON,5
2014,NED,39
2014,NEP,1
2014,NOR,110
2014,NZL,14
2014,PAK,1
2014,PAR,1
2014,PER,3
2014,PHI,1
2014,POL,58
2014,POR,2
2014,ROU,22
2014,RUS,213
2014,SLO,58
2014,SMR,2
2014,SRB,8
2014,SUI,152
2014,SVK,62
2014,SWE,99
2014,TGA,1
2014,THA,2
2014,TJK,1
2014,TLS,1
2014,TOG,2
2014,TPE,3
2014,TUR,6
2014,UKR,42
2014,USA,222
2014,UZB,3
2014,VEN,1
2014,ZIM,1
2016,AFG,3
2016,ALB,6
2016,ALG,64
2016,AND,4
2016,ANG,26
2016,ANT,8
2016,ARG,215
2016,ARM,31
2016,ARU,7
2016,ASA,4
2016,AUS,420
2016,AUT,71
2016,AZE,56
2016,BAH,29
2016,BAN,7
2016,BAR,11
2016,BDI,9
2016,BEL,104
2016,BEN,6
2016,BER,8
2016,BHU,2
2016,BIH,11
2016,BIZ,3
2016,BLR,120
2016,BOL,12
2016,BOT,12
2016,BRA,462
2016,BRN,33
2016,BRU,3
2016,BUL,51
2016,BUR,5
2016,CAF,6
2016,CAM,6
2016,CAN,310
2016,CAY,5
2016,CGO,10
2016,CHA,2
2016,CHI,42
2016,CHN,392
2016,CIV,12
2016,CMR,22
2016,COD,4
2016,COK,9
2016,COL,143
2016,COM,4
2016,CPV,5
2016,CRC,11
2016,CRO,85
2016,CUB,117
2016,CYP,15
2016,CZE,104
2016,DEN,119
2016,DJI,7
2016,DMA,2
2016,DOM,26
2016,ECU,37
2016,EGY,121
2016,ERI,12
2016,ESA,8
2016,ESP,307
2016,EST,46
2016,ETH,37
2016,FIJ,53
2016,FIN,54
2016,FRA,392
2016,FSM,5
2016,GAB,6
2016,GAM,4
2016,GBR,360
2016,GBS,5
2016,GEO,40
2016,GEQ,1
2016,GER,418
2016,GHA,13
2016,GRE,92
2016,GRN,6
2016,GUA,21
2016,GUI,5
2016,GUM,5
2016,GUY,6
2016,HAI,10
2016,HKG,37
2016,HON,23
2016,HUN,154
2016,INA,28
2016,IND,112
2016,IOA,9
2016,IRI,63
2016,IRL,76
2016,IRQ,20
2016,ISL,8
2016,ISR,47
2016,ISV,7
2016,ITA,309
2016,IVB,4
2016,JAM,56
2016,JOR,8
2016,JPN,335
2016,KAZ,101
2016,KEN,79
2016,KGZ,19
2016,KIR,3
2016,KOR,207
2016,KOS,8
2016,KSA,10
2016,LAO,5
2016,LAT,32
2016,LBA,7
2016,LBR,2
2016,LCA,5
2016,LES,8
2016,LIB,9
2016,LIE,3
2016,LTU,67
2016,LUX,10
2016,MAD,6
2016,MAR,48
2016,MAS,32
2016,MAW,5
2016,MDA,23
2016,MDV,4
2016,MEX,123
2016,MGL,43
2016,MHL,5
2016,MKD,6
2016,MLI,6
2016,MLT,7
2016,MNE,35
2016,MON,3
2016,MOZ,6
2016,MRI,11
2016,MTN,2
2016,MYA,7
2016,NAM,10
2016,NCA,5
2016,NED,237
2016,NEP,7
2016,NGR,71
2016,NIG,6
2016,NOR,62
2016,NRU,2
2016,NZL,195
2016,OMA,4
2016,PAK,7
2016,PAN,10
2016,PAR,11
2016,PER,29
2016,PHI,13
2016,PLE,6
2016,PLW,5
2016,PNG,8
2016,POL,234
2016,POR,90
2016,PRK,31
2016,PUR,40
2016,QAT,37
2016,ROT,10
2016,ROU,95
2016,RSA,135
2016,RUS,284
2016,RWA,7
2016,SAM,8
2016,SEN,22
2016,SEY,10
2016,SGP,25
2016,SKN,6
2016,SLE,4
2016,SLO,63
2016,SMR,4
2016,SOL,3
2016,SOM,2
2016,SRB,103
2016,SRI,9
2016,SSD,3
2016,STP,3
2016,SUD,6
2016,SUI,102
2016,SUR,6
2016,SVK,51
2016,SWE,150
2016,SWZ,2
2016,SYR,7
2016,TAN,7
2016,TGA,7
2016,THA,54
2016,TJK,7
2016,TKM,9
2016,TLS,3
2016,TOG,5
2016,TPE,55
2016,TTO,28
2016,TUN,61
2016,TUR,100
2016,TUV,1
2016,UAE,12
2016,UGA,21
2016,UKR,204
2016,URU,17
2016,USA,555
2016,UZB,70
2016,VAN,4
2016,VEN,85
2016,VIE,22
2016,VIN,4
2016,YEM,3
2016,ZAM,7
2016,ZIM,30
